target_fraction,incremental_per_person,random_per_person,qini_gain_per_person
0.0,0.0,0.0,0.0
0.01,0.0006607311510601482,1.3546062769418336e-05,0.0006471850882907299
0.02,0.0007949612018601327,2.709212553883667e-05,0.0007678690763212961
0.03,0.0008991723449681294,4.0638188308255e-05,0.0008585341566598744
0.04,0.0009529980410050789,5.418425107767334e-05,0.0008988137899274055
0.05,0.0009920992944673554,6.773031384709168e-05,0.0009243689806202638
0.06,0.0009771781398084552,8.127637661651e-05,0.0008959017631919451
0.07,0.0009749762919699602,9.482243938592837e-05,0.0008801538525840317
0.08,0.0009734428227162215,0.00010836850215534669,0.0008650743205608748
0.09,0.0010290871923698478,0.00012191456492476502,0.0009071726274450828
0.1,0.001024496648372034,0.00013546062769418337,0.0008890360206778507
0.11,0.001028605275922685,0.0001490066904636017,0.0008795985854590833
0.12,0.0010418946052857337,0.00016255275323302,0.0008793418520527136
0.13,0.0010671365068423183,0.00017609881600243838,0.00089103769083988
0.14,0.0010783223444089849,0.00018964487877185673,0.0008886774656371282
0.15,0.0010550855786066694,0.00020319094154127502,0.0008518946370653943
0.16,0.0010629588625437193,0.00021673700431069337,0.000846221858233026
0.17,0.00105996094078419,0.00023028306708011172,0.0008296778737040782
0.18,0.001074685383358864,0.00024382912984953004,0.000830856253509334
0.19,0.0010830993505443925,0.00025737519261894836,0.0008257241579254441
0.2,0.0010753537619436204,0.00027092125538836674,0.0008044325065552537
0.21,0.0010816642373327667,0.00028446731815778506,0.0007971969191749816
0.22,0.001094285188111059,0.0002980133809272034,0.0007962718071838557
0.23,0.0011069061388893514,0.00031155944369662175,0.0007953466951927296
0.24,0.0011153201060748795,0.00032510550646604,0.0007902145996088395
0.25,0.0011054710256777256,0.0003386515692354584,0.0007668194564422672
0.26,0.0011117815010668716,0.00035219763200487677,0.0007595838690619949
0.27,0.0011159884846596358,0.0003657436947742951,0.0007502447898853407
0.28,0.0011201954682524,0.00037928975754371346,0.0007409057107086866
0.29,0.0011307129272343102,0.00039283582031313173,0.0007378771069211786
0.3,0.0011068077828472382,0.00040638188308255005,0.0007004258997646882
0.31,0.0011130141201497693,0.0004199279458519684,0.0006930861742978009
0.32,0.0011074761614319945,0.00043347400862138674,0.0006740021528106079
0.33,0.0011095796532283766,0.0004470200713908051,0.0006625595818375715
0.34,0.0011095796532283766,0.00046056613416022344,0.0006490135190681532
0.35000000000000003,0.0011116831450247587,0.0004741121969296418,0.0006375709480951169
0.36,0.0011158188670366354,0.0004876582596990601,0.0006281606073375753
0.37,0.001103937556423987,0.0005012043224684785,0.0006027332339555084
0.38,0.001104718049136456,0.0005147503852378967,0.0005899676638985592
0.39,0.001106041048220369,0.0005282964480073151,0.0005777446002130539
0.4,0.0011078525611962638,0.0005418425107767335,0.0005660100504195304
0.41000000000000003,0.0011081445400167509,0.0005553885735461518,0.000552755966470599
0.42,0.0011081445400167509,0.0005689346363155701,0.0005392099037011807
0.43,0.0011081445400167509,0.0005824806990849884,0.0005256638409317625
0.44,0.0011081445400167509,0.0005960267618544068,0.0005121177781623441
0.45,0.0011081445400167509,0.0006095728246238251,0.0004985717153929257
0.46,0.0011081445400167509,0.0006231188873932435,0.00048502565262350736
0.47000000000000003,0.0011077504542844098,0.0006366649501626618,0.00047108550412174803
0.48,0.001106205525908263,0.00065021101293208,0.00045599451297618295
0.49,0.0011046605975321162,0.0006637570757014984,0.00044090352183061776
0.5,0.0011031156691559693,0.0006773031384709168,0.00042581253068505256
0.51,0.0011015707407798225,0.0006908492012403352,0.0004107215395394874
0.52,0.0011009696671657055,0.0007043952640097535,0.000396574403155952
0.53,0.0011051284383263135,0.0007179413267791718,0.00038718711154714174
0.54,0.0011066562888364508,0.0007314873895485902,0.0003751688992878606
0.55,0.0011067094268051253,0.0007450334523180085,0.00036167597448711676
0.56,0.001109472282454348,0.0007585795150874269,0.000350892767366921
0.5700000000000001,0.001111177434514743,0.0007721255778568452,0.0003390518566578979
0.58,0.0011128825865751382,0.0007856716406262635,0.00032721094594887477
0.59,0.0011145877386355334,0.0007992177033956817,0.00031537003523985166
0.6,0.0011163404998985502,0.0008127637661651001,0.00030357673373345015
0.61,0.0011186522485473658,0.0008263098289345185,0.0002923424196128473
0.62,0.0011209639971961815,0.0008398558917039368,0.0002811081054922447
0.63,0.0011214338693797995,0.0008534019544733551,0.0002680319149064444
0.64,0.0011154518885418733,0.0008669480172427735,0.0002485038712990998
0.65,0.0011094812971862637,0.0008804940800121919,0.00022898721717407185
0.66,0.0011094812971862637,0.0008940401427816102,0.00021544115440465348
0.67,0.0011095529393418914,0.0009075862055510285,0.00020196673379086285
0.68,0.0011098123672125405,0.0009211322683204469,0.0001886800988920936
0.6900000000000001,0.0011100717950831896,0.0009346783310898653,0.00017539346399332437
0.7000000000000001,0.0011103312229538388,0.0009482243938592836,0.00016210682909455513
0.71,0.001110590650824488,0.0009617704566287018,0.0001488201941957861
0.72,0.001110850078695137,0.0009753165193981202,0.00013553355929701687
0.73,0.0011111095065657862,0.0009888625821675384,0.00012224692439824774
0.74,0.0011113689344364353,0.001002408644936957,0.00010896028949947839
0.75,0.0011115847889826458,0.0010159547077063752,9.563008127627063e-05
0.76,0.0011115847889826458,0.0010295007704757934,8.208401850685236e-05
0.77,0.0011115847889826458,0.001043046833245212,6.853795573743388e-05
0.78,0.0011115847889826458,0.0010565928960146302,5.4991892968015614e-05
0.79,0.0011115847889826458,0.0010701389587840487,4.144583019859713e-05
0.8,0.0011115847889826458,0.001083685021553467,2.7899767429178865e-05
0.81,0.0011115847889826458,0.0010972310843228852,1.4353704659760599e-05
0.8200000000000001,0.0011115847889826458,0.0011107771470923037,8.076418903421156e-07
0.8300000000000001,0.0011115847889826458,0.001124323209861722,-1.273842087907615e-05
0.84,0.0011124354637289872,0.0011378692726311402,-2.5433808902152995e-05
0.85,0.0011157917725754098,0.0011514153354005585,-3.562356282514872e-05
0.86,0.001119998756168174,0.0011649613981699768,-4.49626420018028e-05
0.87,0.0011212443033852444,0.0011785074609393952,-5.726315755415082e-05
0.88,0.001122102247964556,0.0011920535237088135,-6.995127574425746e-05
0.89,0.001124205739760938,0.001205599586478232,-8.139384671729407e-05
0.9,0.0011277339278414954,0.0012191456492476503,-9.141172140615487e-05
0.91,0.0011305162151500842,0.0012326917120170685,-0.00010217549686698433
0.92,0.0011305162151500842,0.001246237774786487,-0.00011572155963640281
0.93,0.0011326197069464663,0.0012597838375559053,-0.00012716413060943899
0.9400000000000001,0.0011389301823356123,0.0012733299003253235,-0.0001343997179897112
0.9500000000000001,0.0011410336741319944,0.001286875963094742,-0.0001458422889627476
0.96,0.0011410336741319944,0.00130042202586416,-0.00015938835173216564
0.97,0.0011452406577247586,0.0013139680886335786,-0.00016872743090881994
0.98,0.0011353915773276047,0.0013275141514029968,-0.00019212257407539212
0.99,0.0011753579214588636,0.0013410602141724153,-0.00016570229271355174
1.0,0.0013546062769418336,0.0013546062769418336,0.0
