arm,dimension,level,metric,n_treatment,n_control,treatment_mean,control_mean,effect,se,ci_low,ci_high,p_value,relative_lift,incremental_total,incremental_total_ci_low,incremental_total_ci_high,versus_rest_effect,interaction_p,interaction_q_bh
Mens E-Mail,geo_class,Rural,conversion,3243,3139,0.013567684242984891,0.00828289264096846,0.00528479160201643,0.0025972822751469935,0.00013614557828635094,0.010577328749949936,0.04271535206467496,0.6380369553357529,17.138579165339284,0.4415201103826361,34.30227713608764,-0.001775897259316983,0.5224559930555096,0.7514832829210893
Mens E-Mail,geo_class,Suburban,conversion,9501,9625,0.012419745289969477,0.004987012987012987,0.00743273230295649,0.0013441375007431952,0.004830275518041424,0.010155282426734037,3.0109490019045204e-08,1.4904176753324212,70.61838961038961,45.892447696911574,96.48533833640009,0.0011471050165330525,0.5339486483913003,0.7514832829210893
Mens E-Mail,geo_class,Urban,conversion,8563,8542,0.012262057690061895,0.005619292905642706,0.006642764784419188,0.0014383359877514874,0.003845509651119596,0.00954961005206539,3.956111962968045e-06,1.1821353497605982,56.881994848981506,32.929099142537105,81.77331087583593,-0.0002715439971646104,0.8846819719155582,0.921038765281951
Mens E-Mail,geo_class,Rural,revenue,3243,3139,1.5226364477335799,0.7671360305829882,0.7555004171505917,0.3594787986267865,0.05077343995186423,1.4602273943493191,0.0356307473725496,0.9848323987291355,2450.087852819369,164.65826576389568,4735.517439874842,-0.01612780930591895,0.9672599739783951,0.9672599739783951
Mens E-Mail,geo_class,Suburban,revenue,9501,9625,1.4732901799810545,0.669442077922078,0.8038481020589765,0.22943876149340856,0.35412361086145067,1.2535725932565023,0.00046032414511103963,1.200773193932012,7637.360817662336,3364.5284267946427,11910.193208530029,0.061079464467974964,0.8361321194532736,0.907572395675183
Mens E-Mail,geo_class,Urban,revenue,8563,8542,1.328512203666939,0.5920053851557012,0.7365068185112378,0.21710426242975345,0.3109552240659943,1.1620584129564813,0.0006946326294116112,1.244088038688249,6306.7078869117295,2662.709583677109,9950.70619014635,-0.055873074089243246,0.8478636854333946,0.907572395675183
Mens E-Mail,newbie,0,conversion,10621,10611,0.013934657753507202,0.007727829610781264,0.006206828142725938,0.001420054791097404,0.0034356693135454835,0.00904533745457752,1.2510598620759528e-05,0.8031787002739625,65.9227217038922,36.49024377916658,96.07052910506785,-0.0011891722867200952,0.5187083261964505,0.7514832829210893
Mens E-Mail,newbie,1,conversion,10686,10695,0.011136065880591428,0.0037400654511453952,0.007396000429446033,0.0011743234668281843,0.005129785018370676,0.00978450075640442,3.096637165894219e-10,1.9775056148231331,79.0336605890603,54.816882706309045,104.55717508293763,0.0011891722867200952,0.5187083261964505,0.7514832829210893
Mens E-Mail,newbie,0,revenue,10621,10611,1.5133170134638925,0.9353501083780982,0.5779669050857943,0.22264348682288812,0.14156727685908765,1.014366533312501,0.009440424495721855,0.6179150458302634,6138.586498916221,1503.58604752037,10773.586950312072,-0.3820529368434158,0.18870170030502043,0.5102119213572741
Mens E-Mail,newbie,1,revenue,10686,10695,1.3324677147669848,0.37244787283777464,0.9600198419292101,0.18685151827383872,0.5937689318257573,1.3262707520326629,2.8124216314196146e-07,2.5775951802720094,10258.772030855538,6345.014805490043,14172.529256221036,0.3820529368434158,0.18870170030502043,0.5102119213572741
Mens E-Mail,channel,Multichannel,conversion,2577,2606,0.017074117190531625,0.006907137375287797,0.010166979815243827,0.003024592420165238,0.0042817881956203376,0.01646709829669644,0.0007618181165847434,1.4719527443625229,26.20030698388334,11.03416818011361,42.43571231058673,0.0038224440394715956,0.2284229527793532,0.5260649821585104
Mens E-Mail,channel,Phone,conversion,9240,9327,0.010822510822510822,0.005360780529645117,0.005461730292865705,0.0013154680731504928,0.002901033131991348,0.008119176737570219,3.228188752852337e-05,1.0188311688311686,50.46638790607912,26.805546139600054,75.02119305514883,-0.0023671480016702433,0.19659267997527052,0.5102119213572741
Mens E-Mail,channel,Web,conversion,9490,9373,0.012961011591148578,0.005761229062199936,0.007199782528948642,0.0013997790447830922,0.0044779554015602924,0.010020606687091973,2.9275650865096914e-07,1.249695585996956,68.3259361997226,42.495796760807174,95.09555746050283,0.0007124317587911448,0.7014267132233976,0.8329442219527846
Mens E-Mail,channel,Multichannel,revenue,2577,2606,1.824870003880481,0.6157405986185724,1.2091294052619086,0.4173863409053573,0.3908133568197302,2.027445453704087,0.0037895856589336774,1.9636993369847904,3115.9264773599384,1007.1260205244447,5224.726934195432,0.49981005513871124,0.2616023873184563,0.5680508981772194
Mens E-Mail,channel,Phone,revenue,9240,9327,1.2085270562770565,0.6444526643079231,0.5640743919691333,0.2055719893237045,0.1611318695232567,0.96701691441501,0.00607731323259032,0.8752766854876642,5212.047381794792,1488.8584743948918,8935.236289194692,-0.36319529595252054,0.2081127573957302,0.5102119213572741
Mens E-Mail,channel,Web,revenue,9490,9373,1.5218345626975762,0.6713858956577403,0.8504486670398359,0.23125845884025434,0.3971560274218549,1.303741306657817,0.00023632177099869604,1.2667061857274677,8070.757850208042,3769.010700233403,12372.505000182682,0.14569457101126415,0.6225455575076447,0.78855770617635
Mens E-Mail,history_segment,1) $0 - $100,conversion,7724,7612,0.009192128430864838,0.004203888596952181,0.004988239833912657,0.0013150318480882664,0.0024239766425709647,0.00766976757987342,0.00015589461902370698,1.1865775504919733,38.529164477141364,18.722795587218133,59.241284786942295,-0.002869340713580747,0.11164617477206548,0.4957456233435271
Mens E-Mail,history_segment,2) $100 - $200,conversion,4691,4836,0.008953314858239182,0.0041356492969396195,0.004817665561299562,0.00165642671213382,0.001588230784887019,0.008266514629895898,0.003458857301556881,1.1649115327222341,22.599669148056247,7.450390611905006,38.77822012884166,-0.002530421256506349,0.20131169911423252,0.5102119213572741
Mens E-Mail,history_segment,3) $200 - $350,conversion,4090,4044,0.015403422982885086,0.006923837784371909,0.008479585198513176,0.0023258774584011196,0.003942761172310527,0.013237018223604236,0.00027744163246441403,1.2246943765281173,34.681503461918886,16.125893194750056,54.13940453454132,0.0020763182574735604,0.41192593644504794,0.6956971371071922
Mens E-Mail,history_segment,4) $350 - $500,conversion,2097,2124,0.020028612303290415,0.011299435028248588,0.008729177275041827,0.003824460747890629,0.001205638375795768,0.016584581774592794,0.022277746698869266,0.7725321888412017,18.305084745762713,2.5282236740437254,34.77786798132109,0.002125483926617563,0.5892134268606082,0.7720727662311417
Mens E-Mail,history_segment,5) $500 - $750,conversion,1597,1652,0.013775829680651221,0.005447941888619854,0.008327887792031367,0.003434293611116052,0.0015840843607314338,0.015782796958735416,0.014640830369248558,1.5286300702706466,13.299636803874092,2.5297827240880997,25.205126743100458,0.0016471150920022437,0.6440493883131763,0.7982584109065232
Mens E-Mail,history_segment,"6) $750 - $1,000",conversion,644,622,0.024844720496894408,0.00482315112540193,0.02002156937149248,0.0067385514976641865,0.006758459765447323,0.035482465686825976,0.003398796192891347,4.151138716356107,12.893890675241156,4.352448088948076,22.85070790231593,0.013627492130840437,0.04512443066802106,0.2857880608974667
Mens E-Mail,history_segment,"7) $1,000 +",conversion,464,416,0.023706896551724137,0.014423076923076924,0.009283819628647213,0.009178348307007964,-0.01038474416273013,0.02912067518523201,0.3178188284221223,0.6436781609195401,4.307692307692307,-4.81852129150678,13.511993285947652,0.002554414738863608,0.7818407218969153,0.873220154885911
Mens E-Mail,history_segment,1) $0 - $100,revenue,7724,7612,1.0551760745727603,0.516893063583815,0.5382830109889453,0.2170487889847939,0.11283800154377643,0.9637280204341141,0.013149698788124836,1.0413817652278512,4157.697976878613,871.5607239241292,7443.835229833097,-0.3649500406693593,0.20729114980060426,0.5102119213572741
Mens E-Mail,history_segment,2) $100 - $200,revenue,4691,4836,1.127143466211895,0.42289495450785775,0.7042485117040373,0.2583950085999402,0.19771039512245447,1.2107866282856201,0.006437942003036569,1.6653036509352628,3303.629768403639,927.4594635194339,5679.800073287844,-0.08149338533874706,0.7927919827253666,0.873220154885911
Mens E-Mail,history_segment,3) $200 - $350,revenue,4090,4044,1.4694621026894867,0.9328808110781406,0.5365812916113462,0.3599383757177425,-0.1689912731007409,1.2421538563234331,0.1360641031480451,0.5751874036204189,2194.6174826904057,-691.1743069820303,5080.409272362842,-0.2877349500110339,0.46428467009193,0.7351173943122224
Mens E-Mail,history_segment,4) $350 - $500,revenue,2097,2124,2.579208392942298,1.0102683615819208,1.5689400313603774,0.602937957769893,0.38674543747747636,2.7511346252432785,0.009307654959671523,1.5529933342697826,3290.0672457627115,811.0051823902679,5769.1293091351545,0.8857854124983747,0.15349222078859548,0.5051545369346033
Mens E-Mail,history_segment,5) $500 - $750,revenue,1597,1652,1.6418659987476518,0.5388559322033899,1.103010066544262,0.5018938290655005,0.11876393097097604,2.0872562021175476,0.028076723359398485,2.046947988554264,1761.5070762711864,189.66599776064874,3333.3481547817237,0.36052414529177923,0.4917096045151903,0.7514832829210893
Mens E-Mail,history_segment,"6) $750 - $1,000",revenue,644,622,1.8836801242236023,0.3495337620578778,1.5341463621657245,0.6369024004820303,0.28395507664749076,2.7843376476839583,0.016231117525668335,4.389122106927376,987.9902572347266,182.86706936098403,1793.1134451084693,0.7878084594818906,0.22833362439655402,0.5260649821585104
Mens E-Mail,history_segment,"7) $1,000 +",revenue,464,416,3.491875,2.169807692307692,1.3220673076923077,1.9323654346784847,-2.470549109574353,5.114683724958969,0.49404882851064286,0.6093016041832847,613.4392307692308,-1146.3347868424996,2373.2132483809614,0.5680956507307022,0.7693747247364929,0.872723568357813
Mens E-Mail,mens,0,conversion,9568,9519,0.010869565217391304,0.005147599537766572,0.005721965679624732,0.001289126181968097,0.00321245958412127,0.00832528483391069,9.312603645383249e-06,1.1115794143744455,54.74776762264944,30.73681330087231,79.65632529085748,-0.0019701100219450714,0.2817964039140808,0.5788250458775713
Mens E-Mail,mens,1,conversion,11739,11787,0.013885339466734816,0.006193263765165012,0.007692075701569804,0.0012995135665679614,0.005168104081692224,0.010300394548402482,3.22680584438869e-09,1.2420067985534695,90.29727666072793,60.66837381498502,120.91633160369673,0.0019701100219450714,0.2817964039140808,0.5788250458775713
Mens E-Mail,mens,0,revenue,9568,9519,1.106294941471572,0.4905641348881185,0.6157308065834535,0.1765608796918219,0.26965152897453104,0.9618100841923759,0.0004891358520919582,1.2551484358388356,5891.312357390483,2580.025829228313,9202.598885552652,-0.280907101037011,0.32029019473926346,0.5795727333377148
Mens E-Mail,mens,1,revenue,11739,11787,1.6804378567169267,0.7837999490964622,0.8966379076204645,0.2207097129985426,0.46402922973139626,1.3292465855095328,4.872649822201371e-05,1.1439627020314023,10525.632397556632,5447.239127816861,15604.025667296406,0.280907101037011,0.32029019473926346,0.5795727333377148
Mens E-Mail,womens,0,conversion,9558,9638,0.011508683825068006,0.005499066196306288,0.006009617628761718,0.00132583499481607,0.003431232926198505,0.008685390497321747,5.702344411960403e-06,1.0928432963397252,57.439925295704505,32.79572430860531,83.01496237340126,-0.0014396118886673614,0.433869772754663,0.7015766538160507
Mens E-Mail,womens,1,conversion,11749,11668,0.013362839390586433,0.005913609873157353,0.0074492295174290795,0.0012751963934659798,0.004971175299629656,0.010009396298692002,5.545800185644665e-09,1.2596755073820654,87.52099760027426,58.40633859534883,117.60039711333233,0.0014396118886673614,0.433869772754663,0.7015766538160507
Mens E-Mail,womens,0,revenue,9558,9638,1.3781617493199416,0.6954264370201286,0.682735312299813,0.22223022988537258,0.24714126259206898,1.118329362007557,0.0021282218010223327,0.9817505863385112,6525.584114961613,2362.176187854995,10688.99204206823,-0.15847558288341224,0.589016099514047,0.7720727662311417
Mens E-Mail,womens,1,revenue,11749,11668,1.4587811728657758,0.6175702776825506,0.8412108951832252,0.19145931475316794,0.4659341597547651,1.2164876306116854,1.1203784120290433e-05,1.3621298264869421,9883.386807507713,5474.260442958735,14292.513172056691,0.15847558288341224,0.589016099514047,0.7720727662311417
Womens E-Mail,geo_class,Rural,conversion,3181,3139,0.011631562401760453,0.00828289264096846,0.003348669760791992,0.002496569856583703,-0.0016270989436658967,0.008436687543185346,0.18029530100656066,0.40428747612023325,10.652118509079328,-5.1758017398012175,26.837103074872584,0.0002840805023985385,0.9143532550813035,0.939065505218636
Womens E-Mail,geo_class,Suburban,conversion,9650,9625,0.0075647668393782385,0.004987012987012987,0.0025777538523652516,0.0011373939632673372,0.0003413870489806627,0.004867379550853122,0.023476843873356017,0.5168933506044906,24.875324675324677,3.294385022663395,46.970212665732625,-0.0009704472086464865,0.5523101520811747,0.7631922101485323
Womens E-Mail,geo_class,Urban,conversion,8556,8542,0.009233286582515194,0.005619292905642706,0.003613993676872488,0.0013128376862720122,0.0010397981704762913,0.0062596384744423635,0.005926552614843018,0.6431402914134332,30.92132989932101,8.896513146595147,53.55746678732886,0.0008385620056768003,0.618622852560036,0.78855770617635
Womens E-Mail,geo_class,Rural,revenue,3181,3139,1.2819773656082991,0.7671360305829882,0.5148413350253109,0.3236710776550377,-0.11967811188763311,1.149360781938255,0.11174847457671437,0.6711213063921078,1637.710286715514,-380.69607391456094,3656.116647345589,0.1064505980687045,0.7633481184799176,0.872723568357813
Womens E-Mail,geo_class,Suburban,revenue,9650,9625,0.8466134715025907,0.669442077922078,0.1771713935805127,0.1891658924903792,-0.19361042142596413,0.5479532085869896,0.3489799425355112,0.2646552994255243,1709.7039480519477,-1868.3405667605539,5287.74846286445,-0.45054882520272965,0.08399462659345827,0.3989744763189268
Womens E-Mail,geo_class,Urban,revenue,8556,8542,1.2611407199625992,0.5920053851557012,0.669135334806898,0.2147342223082235,0.24822960561856472,1.0900410639952314,0.0018360443199288627,1.1302858919617955,5725.12192460782,2123.8525056724397,9326.3913435432,0.40805609911652196,0.13045937456408607,0.4957456233435271
Womens E-Mail,newbie,0,conversion,10624,10611,0.008659638554216868,0.007727829610781264,0.0009318089434356032,0.001237272772626484,-0.0015120874793225873,0.003388731729489369,0.4513810410852427,0.12057834998530714,9.899538215059849,-16.064417380323167,36.001885894095054,-0.004340482754912636,0.008362551557036307,0.1271107836669519
Womens E-Mail,newbie,1,conversion,10763,10695,0.009012357149493635,0.0037400654511453952,0.00527229169834824,0.001085497006067839,0.0031656633696004366,0.007476967679456921,1.2454107165078662e-06,1.4096789928458604,56.7456755493221,34.0720348470095,80.47460313399483,0.004340482754912636,0.008362551557036307,0.1271107836669519
Womens E-Mail,newbie,0,revenue,10624,10611,1.0493072289156626,0.9353501083780982,0.11395712053756446,0.1986901016040254,-0.2754905922994947,0.5034048333746236,0.5662838556814719,0.12183365299990898,1210.6804485910848,-2926.8120525898316,5348.172949772002,-0.6183306751185753,0.01774237719547565,0.1911857210125008
Womens E-Mail,newbie,1,revenue,10763,10695,1.1047356684939145,0.37244787283777464,0.7322877956561398,0.1689258432431204,0.40117531349549407,1.0634002778167855,1.4663264622056562e-05,1.9661484171641355,7881.6135446470325,4317.849899152003,11445.377190142062,0.6183306751185753,0.01774237719547565,0.1911857210125008
Womens E-Mail,channel,Multichannel,conversion,2579,2606,0.013958898797983715,0.006907137375287797,0.0070517614226959175,0.0028235118466137417,0.0015044026915859857,0.012930507050521109,0.01238969776393469,1.0209383481969756,18.18649270913277,3.879854541600257,33.34777768329394,0.004478422509001211,0.12886616592166802,0.4957456233435271
Womens E-Mail,channel,Phone,conversion,9454,9327,0.00708694732388407,0.005360780529645117,0.0017261667942389536,0.0011472270497543393,-0.000541829321957375,0.004025929816947848,0.132779589111393,0.3219991537973344,16.319180872735068,-5.122454409785023,38.06114048942496,-0.0024870640652877186,0.12749322795615334,0.4957456233435271
Womens E-Mail,channel,Web,conversion,9354,9373,0.009193927731451786,0.005761229062199936,0.0034326986692518498,0.001259023845828167,0.0009645871058347865,0.005963904203734674,0.006396903809730836,0.595827493090696,32.109463352181805,9.022747787978593,55.78635992173414,0.0005713879669985026,0.7311444232516219,0.854876556417281
Womens E-Mail,channel,Multichannel,revenue,2579,2606,1.7732764637456377,0.6157405986185724,1.1575358651270653,0.4585053376898443,0.25858427374935367,2.056487456504777,0.011625472703167513,1.8799083050947467,2985.284996162701,666.8888419995831,5303.6811503258195,0.8337342307104899,0.08096285299149691,0.3989744763189268
Womens E-Mail,channel,Phone,revenue,9454,9327,0.8769261688174319,0.6444526643079231,0.23247350450950877,0.17942853576952061,-0.11922279108584893,0.5841698001048665,0.19511804469875108,0.3607301472780189,2197.804511632896,-1127.1322669256158,5522.741290191408,-0.3441172018291706,0.18224575868806647,0.5102119213572741
Womens E-Mail,channel,Web,revenue,9354,9373,1.087702587128501,0.6713858956577403,0.4163166914707608,0.19987893605073867,0.024534367161946458,0.8080990157795751,0.037279752498983895,0.620085548658876,3894.226332017496,229.49447043284715,7558.958193602146,-0.014539434587060529,0.9560062071776738,0.9672599739783951
Womens E-Mail,history_segment,1) $0 - $100,conversion,7634,7612,0.007990568509300498,0.004203888596952181,0.003786679912348317,0.0012603578833641355,0.001319378318645854,0.006356526383032151,0.0026784363362159515,0.9007564841498559,28.90751445086705,10.07213408454245,48.52572240806744,0.0010518410454276005,0.5248231157482068,0.7514832829210893
Womens E-Mail,history_segment,2) $100 - $200,conversion,4727,4836,0.007827374656230167,0.0041356492969396195,0.0036917253592905477,0.0015795859870337383,0.0005887628200868817,0.006975049190982376,0.01903170094823064,0.8926591918764545,17.45078577336642,2.78308185055069,32.971057525773695,0.0007611542237324995,0.680267157034192,0.8206397449936285
Womens E-Mail,history_segment,3) $200 - $350,conversion,4155,4044,0.006257521058965102,0.006923837784371909,-0.0006663167254068068,0.0017881975153126028,-0.004317102807054015,0.002927825408925358,0.709211727681355,-0.09623517276946882,-2.768545994065282,-17.937562163309433,12.165114574084864,-0.004679975303396556,0.020124812738157978,0.1911857210125008
Womens E-Mail,history_segment,4) $350 - $500,conversion,2188,2124,0.009140767824497258,0.011299435028248588,-0.0021586672037513296,0.0030665351567129256,-0.008494466216353327,0.0040071025104698255,0.48071090141112816,-0.19104204753199266,-4.723163841807909,-18.58589208138108,8.767540292907977,-0.005852252689593062,0.06586264908879759,0.38504317928835513
Womens E-Mail,history_segment,5) $500 - $750,conversion,1662,1652,0.015643802647412757,0.005447941888619854,0.010195860758792903,0.003542989105670512,0.003252101830456453,0.017824821697612955,0.004093231025866357,1.8715068859473196,16.945520581113804,5.404993242218625,29.62485366143273,0.007681701674827887,0.034892971452116034,0.2410787118509835
Womens E-Mail,history_segment,"6) $750 - $1,000",conversion,593,622,0.013490725126475547,0.00482315112540193,0.008667574001073618,0.005496384626498987,-0.0027269139644917964,0.021955966389518466,0.11084535117419429,1.7970770095559299,5.139871382636655,-1.6170599809436352,13.01988806898445,0.005716379248455515,0.30379825400196125,0.5795727333377148
Womens E-Mail,history_segment,"7) $1,000 +",conversion,428,416,0.02570093457943925,0.014423076923076924,0.011277857656362328,0.009638244220714173,-0.008866048831152874,0.03249130843201416,0.243624631779233,0.7819314641744547,4.826923076923077,-3.7946688997334297,13.906280008902058,0.008337982177210448,0.38868292888535216,0.6713614226201537
Womens E-Mail,history_segment,1) $0 - $100,revenue,7634,7612,1.142712863505371,0.516893063583815,0.6258197999215559,0.2233101999419225,0.18810031645638758,1.0635392833867243,0.0050785968359421015,1.210733600452114,4777.508352601158,1435.9578158280628,8119.058889374253,0.31331135976455826,0.25444104962542435,0.5680508981772194
Womens E-Mail,history_segment,2) $100 - $200,revenue,4727,4836,0.8812883435582823,0.42289495450785775,0.4583933890504246,0.2114820039924348,0.04383093829171669,0.8729558398091325,0.03022516374576324,1.0839414946056238,2166.825550041357,207.1888453049448,4126.462254777769,0.0458967197087351,0.8615047401749157,0.9093661146290778
Womens E-Mail,history_segment,3) $200 - $350,revenue,4155,4044,0.6097400722021661,0.9328808110781406,-0.3231407388759745,0.2895727459660378,-0.8907887075945209,0.2445072298425719,0.2644927093110117,-0.34639016585893456,-1342.649770029674,-3701.227080055234,1015.9275399958863,-0.9258853509160747,0.004312182854482122,0.1271107836669519
Womens E-Mail,history_segment,4) $350 - $500,revenue,2188,2124,0.9093784277879342,1.0102683615819208,-0.10088993379398659,0.3914952036435782,-0.8684219763765312,0.666642108788558,0.7966475558048794,-0.0998644891106051,-220.74717514124265,-1900.1072843118502,1458.6129340293649,-0.5840112159324985,0.15952248534776947,0.5051545369346033
Womens E-Mail,history_segment,5) $500 - $750,revenue,1662,1652,1.8245066185318892,0.5388559322033899,1.2856506863284993,0.5099024302194884,0.2857156122775105,2.285585760379488,0.011759442489819734,2.3858894548519762,2136.751440677966,474.85934760522247,3798.643533750709,0.9337818894247,0.07662195549996385,0.3989744763189268
Womens E-Mail,history_segment,"6) $750 - $1,000",revenue,593,622,0.9977908937605398,0.3495337620578778,0.648257131702662,0.4925690961552939,-0.31853146965155965,1.6150457330568835,0.18850270521198711,1.8546338067202786,384.41647909967855,-188.88916150337488,957.7221197027319,0.230699661249113,0.6512108088974268,0.7982584109065232
Womens E-Mail,history_segment,"7) $1,000 +",revenue,428,416,4.676588785046729,2.169807692307692,2.5067810927390366,2.257958730056937,-1.92584672574216,6.939408911220234,0.2672674113773777,1.1553010442473626,1072.9023076923077,-824.2623986176445,2970.06701400226,2.125661669079573,0.3472311076115996,0.6137107948484086
Womens E-Mail,mens,0,conversion,9647,9519,0.010262257696693273,0.005147599537766572,0.005114658158926701,0.0012613537916768844,0.002653729281400807,0.007658806214676279,5.2443165782112606e-05,0.9936006329555769,49.34110725916589,25.60052637767358,73.88450355298207,0.0036418231165959722,0.028407386980788853,0.2158961410539953
Womens E-Mail,mens,1,conversion,11740,11787,0.007666098807495741,0.006193263765165012,0.0014728350423307288,0.0010817859711385021,-0.0006590997826611631,0.0036290923755102054,0.1732685897676981,0.2378124197801685,17.291083396962755,-7.737831448442055,42.60554448848981,-0.0036418231165959722,0.028407386980788853,0.2158961410539953
Womens E-Mail,mens,0,revenue,9647,9519,1.122212086659065,0.4905641348881185,0.6316479517709466,0.17169419102604813,0.2951086910803512,0.9681872124615419,0.0002349794331030802,1.287595049962233,6093.507790734321,2846.913542852148,9340.102038616495,0.37523239831204247,0.1435827956081164,0.49601329391894755
Womens E-Mail,mens,1,revenue,11740,11787,1.0402155025553663,0.7837999490964622,0.2564155534589041,0.19063522297748675,-0.11724244724635025,0.6300735541641584,0.1786196728186695,0.3271441312984151,3010.3185976075342,-1376.4263306721518,7397.06352588722,-0.37523239831204247,0.1435827956081164,0.49601329391894755
Womens E-Mail,womens,0,conversion,9622,9638,0.006131781334441904,0.005499066196306288,0.0006327151381356165,0.0010958591706199197,-0.0015429246750249632,0.002823393053001335,0.5636558018878807,0.11505865096888815,6.087985059140902,-14.846021223090196,27.166687955978848,-0.004503398745613107,0.005520617147771811,0.1271107836669519
Womens E-Mail,womens,1,conversion,11765,11668,0.011049723756906077,0.005913609873157353,0.005136113883748724,0.001196984968341103,0.0028003111758533672,0.00753507640844689,1.8352403971838033e-05,0.8685243013852191,60.42637984230374,32.94566098391486,88.65017394537766,0.004503398745613107,0.005520617147771811,0.1271107836669519
Womens E-Mail,womens,0,revenue,9622,9638,0.9737809187279153,0.6954264370201286,0.27835448170778665,0.20506311079709888,-0.12358843645917944,0.6802973998747528,0.17466809037325362,0.40026445198218696,2678.3268229923233,-1189.1679356102245,6545.8215815948715,-0.265859346007028,0.3150672602873208,0.5795727333377148
Womens E-Mail,womens,1,revenue,11765,11668,1.1617841053973652,0.6175702776825506,0.5442138277148146,0.16726646078930693,0.216359293632725,0.8720683617969043,0.0011413734584142018,0.881217648227813,6402.675683064795,2545.4670895890094,10259.884276540579,0.265859346007028,0.3150672602873208,0.5795727333377148
